"published","link","site","text","title"
2023-11-08 13:56:19,https://www.viva.co.id/showbiz/gosip/1655390-pakar-investigasi-narkoba-akui-kesulitan-soal-kasus-g-dragon,viva.co.id,"Baca Juga : Pakar Investigasi Mengaku Sulit Menentukan Gestur G-Dragon Terkait NarkobaSaat mendatangi kantor kepolisian Incheon, G-Dragon juga sempat menjalani tes narkoba.
Usai menjalani 4 jam tes narkoba diketahui hasil tes terhadap pemilik nam",Pakar Investigasi Narkoba Akui Kesulitan Soal Kasus G-Dragon
2023-11-08 13:54:28,https://travel.tribunnews.com/2023/11/08/kunjungi-toko-dekorasi-halloween-seorang-antropolig-malah-temukan-tengkorak-manusia-asli,tribunnews.com,"Seorang antropolog menemukan tengkorak manusia asli saat mengunjungi toko barang bekas yang menjual dekorasi Halloween.
TRIBUNTRAVEL.COM - Tengkorak yang dijual di toko barang bekas (thrift) sebagai dekorasi Halloween ternyata benar-benar asli.
S","Kunjungi Toko Dekorasi Halloween, Seorang Antropolog Malah Temukan Tengkorak Manusia Asli"
2023-11-08 13:54:23,https://mataraman.tribunnews.com/2023/11/08/pembunuhan-di-garum-blitar-polisi-telusuri-kebenaran-motif-korban-berselingkuh,tribunnews.com,"Pelaku pembunuhan terhadap istri saat berada di Polres Blitar, Rabu (8/11/2023).
TRIBUNMATARAMAN.COM - Tragedi pembunuhan seorang istri oleh suaminya di Kecamatan Garum, Kabupaten Blitar, dilatarbelakangi motif asmara.
Baca juga: Pengakuan Suami ","Pembunuhan di Garum Blitar, Polisi Telusuri Kebenaran Motif Korban Berselingkuh"
2023-11-08 13:53:16,https://jabar.antaranews.com/berita/477792/2640-polisi-amankan-pertandingan-persib-vs-arema-fc,antaranews.com,"Kota Bandung (ANTARA) - Kepolisian Resor Kota Besar Bandung, Jawa Barat, menyiapkan sebanyak 2.640 personel untuk mengamankan pertandingan antara Persib Bandung melawan Arema FC yang digelar pada pukul 15.00 WIB di Stadion Gelora Bandung Lautan A",2.640 polisi amankan pertandingan Persib vs Arema FC
2023-11-08 13:50:27,https://makassar.kompas.com/read/2023/11/08/135027778/penemuan-mayat-pria-di-dalam-got-gegerkan-warga-makassar,kompas.com,"MAKASSAR, KOMPAS.com- Sesosok mayat pria ditemukan disebuah saluran drainase atau got di jalan Kapten Piere Tendean, Kelurahan Ujung Pandang Baru, Kecamatan Tallo, Kota Makassar, Sulawesi Selatan (Sulsel), Rabu (8/11/2023).
Sontak warga di berada",Penemuan Mayat Pria di Dalam Got Gegerkan Warga Makassar
2023-11-08 13:49:27,https://www.jurnas.com/artikel/146302/Panji-Gumilang-Jaminkan-Aset-Yayasan-ke-Bank-Senilai-73-Miliar-untuk-Kepentingan-Pribadii/,jurnas.com,"Tersangka Panji Gumilang berbaju tahanan.
“APG menjaminkan aset yayasan ke bank untuk kepentingan pribadi,” ujar Robert De Deo dikutip dari laman Humas Polri, Rabu (8/11/2023).
“Aset yayasan yang dijaminkan berupa SHM.
Lebih lanjut Whisnu menyamp",Panji Gumilang Jaminkan Aset Yayasan ke Bank Senilai 73 Miliar untuk Kepentingan Pribadii
2023-11-08 13:49:19,https://www.fajar.co.id/2023/11/08/penjual-bakso-di-makassar-nyambi-jadi-maling-hp-terancam-5-tahun-penjara/,fajar.co.id,"FAJAR.CO.ID, MAKASSAR -- Seorang penjual bakso berinsial BN (42) di kota Makassar harus berurusan dengan Polisi setelah melakukan perbuatan terlarang di Masjid.
Kasi Humas Polrestabes Makassar AKP Wahiduddin mengatakan, BN merupakan seorang penju","Penjual Bakso di Makassar Nyambi Jadi Maling Hp, Terancam 5 Tahun Penjara – FAJAR"
2023-11-08 13:49:17,https://cirebon.tribunnews.com/2023/11/08/kasus-subang-terbaru-kakak-habisi-nyawa-adiknya-di-subang-gegara-warisan,tribunnews.com,"Laporan Kontributor Tribunjabar.id, Subang, Ahya NurdinTRIBUNCIREBON.COM, SUBANG - Kasus pembunuhan yang menewaskan Tasem (58) di Dusun Cigoong RT 010/004 Desa Karanghegar, Kecamatan Pabuaran,berhasil diungkap oleh Jajaran Satreskrim Subang.
Adap","Kasus Subang Terbaru, Kakak Habisi Nyawa Adiknya di Subang Gegara Warisan"
2023-11-08 13:49:00,https://www.jpnn.com/news/polda-sumsel-amankan-15-kilogram-emas-dari-tangan-perampok-di-pali,jpnn.com,"jpnn.com, PALEMBANG - Polda Sumsel meringkus komplotan perampok toko emas di Penukal Abab Lematang Ilir (Pali).
Sulian (52) yang berperan mengawasi dan memantau suasana di sekitar toko emas.
Baca Juga: Polisi Ringkus Perampok Toko Emas di PaliSer","Polda Sumsel Amankan 1,5 Kilogram Emas dari Tangan Perampok di Pali"
2023-11-08 13:48:33,https://daerah.sindonews.com/read/1246291/707/polisi-amankan-349-sepeda-motor-berknalpot-brong-saat-perayaan-1-abad-persis-solo-1699423873,sindonews.com,"Polisi Amankan 349 Sepeda Motor Berknalpot Brong saat Perayaan 1 Abad Persis Sololoading...Ratusan sepeda motor berknalpot brong diamankan Polresta Solo saat perayaan 1 Abad Persis Solo.
Foto/R August/MPI(hri)- Ratusan sepeda motor berknalpot bro",Polisi Amankan 349 Sepeda Motor Berknalpot Brong saat Perayaan 1 Abad Persis Solo
2023-11-08 13:48:13,https://makassar.tribunnews.com/2023/11/08/polsek-tellu-siattinge-bone-puji-pesta-rakyat-di-waji-meriah-dan-tertib,tribunnews.com,"Personel Polsek Tellu Siattinge saat mengamankan pesta rakyat di Dusun Takku, Desa Waji, Kecamatan Tellu Siattinge, Kabupaten Bone, Rabu (8/11/23).
TRIBUNBONE.COM, TELLU SIATTINGE - Warga Dusun Takku, Desa Waji, Kecamatan Tellu Siattinge, Kabupat","Polsek Tellu Siattinge Bone Puji Pesta Rakyat di Waji, Meriah dan Tertib"
2023-11-08 13:48:00,https://www.merdeka.com/peristiwa/mangkir-panggilan-polisi-firli-bahuri-muncul-di-aceh-kita-punya-musuh-bersama-yaitu-korupsi-45749-mvk.html,merdeka.com,"Firli juga pada aparatur sipil negara (ASN) di Aceh agar bekerja baik dan tidak mempersulit pelayanan publik yang dibutuhkan masyarakat.
""Karena ketika pelayanan publik dipersulit di situ pasti ada praktik korupsinya.
Saya berharap hal itu tidak ","Mangkir Panggilan Polisi, Firli Bahuri Muncul di Aceh: Kita Punya Musuh Bersama Yaitu Korupsi"
2023-11-08 13:47:24,https://otomotif.kompas.com/read/2023/11/08/134724715/denda-tilang-tak-bisa-dikembalikan-ini-dasar-hukum-masuk-kas-negara,kompas.com,"Polisi terkesan maju mundur atau tidak konsisten dalam menjalankan kebijakan tilang terhadap emisi gas buang.
Kompas.com/Daafa Alhaqqy Mobil tua (Motuba) Toyota Kijang Kapsul LGX lansiran 2004 lolos tilang uji emisi Jakarta Mobil tua (Motuba) Toy","Denda Tilang Tak Bisa Dikembalikan, Ini Dasar Hukum Masuk Kas Negara"
2023-11-08 13:47:22,https://jatim.tribunnews.com/2023/11/08/spoiler-peran-ji-chang-wook-dalam-welcome-to-samdalri-drama-korea-terbaru-tayang-desember-2023,tribunnews.com,"Potret Ji Chang Wook dalam drama Korea terbaru berjudul Welcome to Samdalri yang akan tayang perdana 2 Desember 2023.
TRIBUNJATIM.COM - Sukses membintangi 'The Worst of Evil', Ji Chang Wook akan kembali membintangi drama Korea terbaru berjudul We","SPOILER Peran Ji Chang Wook dalam 'Welcome to Samdalri', Drama Korea Terbaru Tayang Desember 2023"
2023-11-08 13:46:48,https://gorontalo.tribunnews.com/2023/11/08/kepsek-sdn-13-paguat-gorontalo-polisikan-oknum-orang-tua-penganiaya-guru,tribunnews.com,"Guru SDN 13 Paguat di Desa Maleo, Kecamatan Paguat, Pohuwato, Gorontalo dianiaya orang tua siswa.
TRIBUNGORONTALO.COM, Marisa -- Kepala Sekolah (Kepsek) SDN 13 Paguat, Kabupaten Pohuwato, Gorontalo, Rony Us Yunus ikut mengadvokasi kasus penganiay",Kepsek SDN 13 Paguat Gorontalo Polisikan Oknum Orang Tua Penganiaya Guru
2023-11-08 13:46:45,https://papua.tribunnews.com/2023/11/08/ramses-wally-soal-laporan-polisi-terhadap-kh-di-polres-jayapura-bisa-merusak-nama-besar-partai,tribunnews.com,"Laporan Wartawan Tribun-Papua.com, Calvin Louis ErariTRIBUN-PAPUA.COM, JAYAPURA - Menanggapi laporan Polisi terhadap KH di Polres Jayapura, Tokoh Adat Kabupaten, Yo Ondofolo Kampung Babrongko, Ramses Wally angkat bicara.
Ramses mengatakan, soal l",Ramses Wally: Soal Laporan Polisi Terhadap KH di Polres Jayapura Bisa Merusak Nama Besar Partai
2023-11-08 13:46:35,https://kepri.antaranews.com/berita/171246/polres-blitar-tangkap-seorang-kakek-yang-tega-bunuh-istri-diduga-karena-cemburu,antaranews.com,"Blitar (ANTARA) - Aparat Kepolisian Resor Blitar, Jawa Timur menangkap seorang kakek pelaku pembunuhan kepada istrinya di Kecamatan Garum, Kabupaten Blitar, diduga karena cemburu.Kepala Kepolisian Resor Blitar AKBP Anhar Arlia Rangkuti mengemukak",Polres Blitar tangkap seorang kakek yang tega bunuh istri diduga karena cemburu
2023-11-08 13:46:00,https://megapolitan.okezone.com/read/2023/11/08/338/2916596/sempat-dirawat-di-rs-korban-tawuran-di-manggarai-meninggal,okezone.com,"JAKARTA - Aksi tawuran di kawasan Manggarai, Tebet, Jakarta Selatan pada Sabtu (21/10/2023) mengakibatkan satu korban luka akibat terkenal lemparan batu.
“Iya, sudah meninggal,” kata Kapolsek Tebet, Kompol Jamalinus Nababan, saat dihubungi wartaw","Sempat Dirawat di RS, Korban Tawuran di Manggarai Meninggal : Okezone Megapolitan"
2023-11-08 13:45:45,https://jatim.antaranews.com/berita/745170/liga-1-2640-personel-polisi-amankan-pertandingan-persib-vs-arema-fc,antaranews.com,"Kota Bandung (ANTARA) - Kepolisian Resor Kota Besar Bandung, Jawa Barat, menyiapkan sebanyak 2.640 personel untuk mengamankan pertandingan antara Persib Bandung melawan Arema FC yang digelar pada pukul 15.00 WIB di Stadion Gelora Bandung Lautan A",Liga 1: 2.640 personel Polisi amankan pertandingan Persib vs Arema FC
2023-11-08 13:45:12,https://jatim.tribunnews.com/2023/11/08/suami-sadis-habisi-nyawa-istri-usai-beribadah-motif-terbakar-cemburu-diduga-selingkuh,tribunnews.com,"TRIBUNJATIM.COM, BLITAR - Pelaku kasus dugaan pembunuhan terhadap perempuan yang jasadnya ditemukan di sungai atau saluran irigasi di Dusun Talok, Desa Pojok, Kecamatan Garum, Kabupaten Blitar, terungkap.
Sedang korbannya, yakni, Sri Juanah (70),","Suami Sadis Habisi Nyawa Istri usai Beribadah, Motif Terbakar Cemburu Diduga Selingkuh"
2023-11-08 13:45:00,https://radarbanyuwangi.jawapos.com/africa-van-java/753260169/viral-di-medsos-sopir-truk-ugal-ugalan-di-jalur-pantura-situbondo-minta-maaf-setelah-diamankan-polisi,jawapos.com,"SITUBONDO, RadarBanyuwangi.id - Lutfi, 30, warga Desa/Kecamatan Mlandingan, diamankan ke Mapolres Situbondo, Minggu malam (5/10), pukul 20.30 WIB.
Sopir truk ini harus berhadapan dengan polisi akibat menjalankan truknya dengan cara ugal-ugalan se","Viral di Medsos, Sopir Truk Ugal-Ugalan di Jalur Pantura Situbondo Minta Maaf Setelah Diamankan Polisi"
2023-11-08 13:43:47,https://www.tribunnews.com/seleb/2023/11/08/kembali-main-film-christian-sugiono-jadi-wartawan-mantan-pacar-luna-maya,tribunnews.com,"Foto saat pernikahan Luna Maya dan Christian Sugiono dalam syuting film SabrinaTRIBUNNEWS.COM - Aktor Christian Sugiono kembali menerjuni dunia akting.
Baca juga: Christian Sugiono Dituding Berselingkuh dengan Wanita Lain, Titi Kamal Tegas Memban","Kembali Main Film, Christian Sugiono Jadi Wartawan Mantan Pacar Luna Maya"
2023-11-08 13:43:37,https://www.jawapos.com/jabodetabek/013260265/selidiki-4-motor-warga-yang-dibakar-otk-di-kembangan-polisi-belum-temukan-saksi-kunci,jawapos.com,"JawaPos.com - Polisi masih melakukan penyelidikan terkait empat motor warga yang dibakar orang tak dikenal di Kembangan, Jakarta Barat.
Oleh karena itu, Diaman mengatakan bahwa hingga saat ini pihaknya belum dapat melalukan identifikasi pelaku pe","Selidiki 4 Motor Warga yang Dibakar OTK di Kembangan, Polisi Belum Temukan Saksi Kunci"
2023-11-08 13:43:27,https://bandung.kompas.com/read/2023/11/08/134327978/mayat-pria-terikat-lakban-ditemukan-dalam-mobil-di-sukabumi,kompas.com,"SUKABUMI, KOMPAS.com - Seorang pria ditemukan tewas di dalam mobil di parkiran minimarket wilayah Kecamatan Cireunghas, Sukabumi, Jawa Barat, Selasa (7/11/2023) malam.
Kepala Polres Sukabumi Kota AKBP Ari Setyawan Wibowo mengungkapkan penemuan ma",Mayat Pria Terikat Lakban Ditemukan Dalam Mobil di Sukabumi
2023-11-08 13:43:01,https://www.antaranews.com/berita/3812853/polisi-siapkan-2640-personel-amankan-pertandingan-persib-vs-arema-fc,antaranews.com,"Baca juga: Persib Bandung berambisi lanjutkan tren positif ketika jamu Arema FCKota Bandung (ANTARA) - Kepolisian Resor Kota Besar Bandung, Jawa Barat, menyiapkan sebanyak 2.640 personel untuk mengamankan pertandingan antara Persib Bandung melawa",Polisi siapkan 2.640 personel amankan pertandingan Persib vs Arema FC
2023-11-08 13:41:54,https://www.tribunnews.com/nasional/2023/11/08/6-bulan-beroperasi-polri-tangkap-1060-tersangka-tppo-2822-korban-diselamatkan,tribunnews.com,"Kepala Biro Penerangan Masyarakat Divisi Humas Polri Brigjen Ahmad Ramadhan menyatakan, satgas Tindak Pidana Perdagangan Orang (TPPO) Polri terus memberantas pratik perdagangan orang di seluruh wilayah Indonesia.
Sejauh ini, total tersangka yang ","6 Bulan Beroperasi, Polri Tangkap 1.060 Tersangka TPPO, 2.822 Korban Diselamatkan"
2023-11-08 13:41:50,https://ternate.tribunnews.com/2023/11/08/polres-halmahera-selatan-lidik-pembangunan-ruang-rawat-inap-rs-obi-ada-temuan-bpk,tribunnews.com,"HUKUM: Kasat Reskrim Polres Halmahera Selatan Iptu Ray Sobar.
Ia mengatakan pihaknya menyelidiki dugaan korupsi proyek pembangunan ruang rawat inap RS Obi, Rabu (8/11/2023).
TRIBUNTERNATE.COM, BACAN - Reskrim Polres Halmahera Selatan, menyelidiki",Polres Halmahera Selatan Lidik Pembangunan Ruang Rawat Inap RS Obi: Ada Temuan BPK
2023-11-08 13:41:02,https://www.jawapos.com/surabaya-raya/013260249/caroline-angelica-mahasiswi-fkh-unair-pesan-gas-helium-sejak-1-november,jawapos.com,"Yakni, asal tabung gas helium yang ditemukan di dalam mobil CA mahasiswi Fakultas Kedokteran Hewan Universitas Airlangga.
Andaru mengatakan, hasil penyelidikan, Caroline Angelica ternyata memesan tabung gas helium secara mandiri beserta selangnya","Caroline Angelica, Mahasiswi FKH Unair Pesan Gas Helium sejak 1 November"
2023-11-08 13:40:44,https://bekaci.suara.com/read/2023/11/08/132033/irt-dari-bekasi-dan-purwakarta-jadi-korban-tppo-ditawari-pekerjaan-di-qatar,suara.com,"SuaraBekaci.id - Dua ibu rumah tangga (IRT) yang berasal dari Bekasi dan Purwakarta, Jawa Barat menjadi korban tindak pidana perdagangan orang (TPPO).
NS (41), warga Purwakarta dan RN (37), warga Bekasi jadi korban TPPO setelah diimingi pekerjaan","IRT dari Bekasi dan Purwakarta Jadi Korban TPPO, Ditawari Pekerjaan di Qatar"
2023-11-08 13:40:42,"https://sumbarsatu.com/berita/30183-hut-ke79-brimob-bupati-hamsuardi-buka-turnamen-bola-voli-
",sumbarsatu.com,"Simpang Empat, sumbarsat.com-- Bupati Pasaman Barat (Pasbar) Hamsuardi ikut menyukseskan pertandingan Volley Ball dalam rangka Hari Ulang Tahun (HUT) KORPS Brimob Polri ke-78 tahun 2023, Kompi 3 Batalyon B Pelopor Sat Brimob Polda Sumbar, Selasa ","HUT ke-79 Brimob, Bupati Hamsuardi Buka Turnamen Bola Voli -"
2023-11-08 13:40:38,https://sumut.suara.com/read/2023/11/08/133206/modus-fitnah-komplotan-begal-di-medan-tuduh-korban-pelaku-pencurian,suara.com,"SuaraSumut.id - Polisi menangkap komplotan pelaku kejahatan pencurian dengan kekerasan atau begal di Medan.
Dalam aksinya, pelaku menuduh korban sebagai pelaku pencurian.
Saat itu, korban Jon Moresta Sitepu (34) mengendarai sepeda motor dari arah","Modus Fitnah Komplotan Begal di Medan, Tuduh Korban Pelaku Pencurian"
2023-11-08 13:39:57,https://daerah.sindonews.com/read/1246281/174/cabuli-anak-di-bawah-umur-3-pelajar-di-pekanbaru-diringkus-polisi-1699423881,sindonews.com,"Cabuli Anak di Bawah Umur, 3 Pelajar di Pekanbaru Diringkus Polisiloading...Polda Riau meringkus komplotan pelaku cabul terhadap empat anak di bawah umur di Pekanbaru.
Foto/Banda Haruddin Tanjung/MPIA A A(hri)meringkus komplotan pelaku cabul terh","Cabuli Anak di Bawah Umur, 3 Pelajar di Pekanbaru Diringkus Polisi"
2023-11-08 13:39:46,https://bandung.kompas.com/read/2023/11/08/133946978/penipuan-berkedok-arisan-bodong-mahasiswa-di-bandung-dilaporkan,kompas.com,"BANDUNG, KOMPAS.com - Seorang Mahasiswa Universitas Islam Bandung (Unisba) berinisial JZF dilaporkan ke Polrestabes Bandung.
Ia diduga melakukan penipuan berkedok arisan bodong.
Akibatnya, puluhan korban menelan kerugian beragam dari Rp 20 juta h","Penipuan Berkedok Arisan Bodong, Mahasiswa di Bandung Dilaporkan"
2023-11-08 13:39:42,https://news.detik.com/berita/d-7025435/duduk-perkara-polisi-nyaris-dibunuh-di-tangerang-dipicu-dendam-pelaku,detik.com,"Peristiwa ini dipicu dendam pelaku utama yang sakit hati terhadap istri korban.
Rio menjelaskan, berdasarkan pengakuan tersangka AI, istri korban ini membocorkan alamat hingga tempat bekerja tersangka AI.
""Menurut tersangka, istri korban ini tela",Duduk Perkara Polisi Nyaris Dibunuh di Tangerang Dipicu Dendam Pelaku
2023-11-08 13:38:05,https://kaltim.tribunnews.com/2023/11/08/7-fakta-polisi-gagalkan-peredaran-2-kg-sabu-di-samarinda-pelaku-ajak-anak-istri-saat-beraksi,tribunnews.com,"SABU 2 KILOGRAM- Kapolresta Samarinda Kombes Pol Ary Fadli bersama Kasatserse Narkoba Polresta Samarinda, Kompol Bambang Suhandoyo menunjukkan barang bukti sabu seberat 2 kilogram yang diamankan dari tersangka (MDP) melibatkan jaringan pengedar i","7 Fakta Polisi Gagalkan Peredaran 2 Kg Sabu di Samarinda, Pelaku Ajak Anak Istri saat Beraksi"
2023-11-08 13:37:47,https://medan.tribunnews.com/2023/11/08/pilu-bu-guru-termakan-rayuan-polisi-gadungan-mau-diajak-vcs-tak-tau-aksinya-direkam-kini-diperas,tribunnews.com,"TRIBUN-MEDAN.com - Pilu Bu Guru termakan rayuan polisi gadungan.
Ia mau diajak VCS dan tak tau aksinya direkam.
Kini Bu Guru itu pun diperas oleh pria yang sebenarnya berprofesi sebagai buruh itu.
Ilustrasi VCS - (IST)Terlanjur kesemsem polisi be","PILU Bu Guru Termakan Rayuan Polisi Gadungan, Mau Diajak VCS, tak Tau Aksinya Direkam Kini Diperas"
2023-11-08 13:37:46,https://mataraman.tribunnews.com/2023/11/08/pengakuan-suami-pembunuh-istri-di-garum-blitar-korban-tak-mengakui-selingkuh,tribunnews.com,"Pelaku pembunuhan terhadap istri saat berada di Polres Blitar, Rabu (8/11/2023).
TRIBUNMATARAMAN.COM - Mengenakan baju tahanan warna jingga, STS (73), terus menunduk saat polisi menggiringnya di lobi Polres Blitar, Rabu (8/11/2023).
Baca juga: BR",Pengakuan Suami Pembunuh Istri di Garum Blitar: Korban Tak Mengakui Selingkuh
2023-11-08 13:37:43,https://pontianak.tribunnews.com/2023/11/08/babak-baru-kasus-subang-kini-makin-banyak-sosok-terlibat-hingga-permohonan-lpsk-tersangka-danu,tribunnews.com,"Babak Baru Kasus Subang Kini Makin Banyak Sosok Terlibat hingga Permohonan LPSK Tersangka Danu.
TRIBUNPONTIANAK.CO.ID - Babak baru kasus Subang kini makin banyak sosok yang terlibat hingga LPSK turut bicara soal permohonan tersangka Danu.
Terbaru",Babak Baru Kasus Subang Kini Makin Banyak Sosok Terlibat hingga Permohonan LPSK Tersangka Danu
2023-11-08 13:37:28,https://news.detik.com/berita/d-7025426/polri-tangkap-1-060-tersangka-perdagangan-orang-dalam-5-bulan,detik.com,"Satgas Tindak Pidana Perdagangan Orang (TPPO) Polri mencatat total tersangka kasus perdagangan orang yang ditindak selama kurun lima bulan sebanyak 1.060 orang.
""Jumlah tersangka pada kasus TPPO sebanyak 1.060 orang,"" ujar Karo Penmas Divisi Huma",Polri Tangkap 1.060 Tersangka Perdagangan Orang dalam 5 Bulan
2023-11-08 13:36:59,https://surabaya.tribunnews.com/2023/11/08/pengakuan-suami-bunuh-istri-di-garum-blitar-dia-selingkuh-tapi-tak-mau-mengaku-pada-saya,tribunnews.com,"Pelaku pembunuhan terhadap istri saat berada di Polres Blitar, Rabu (8/11/2023).
SURYA.CO.ID, BLITAR - Memakai baju tahanan warna oranye, STS (73), terus menunduk saat polisi menggiringnya di lobi Polres Blitar, Rabu (8/11/2023).
STS merupakan pe",Pengakuan Suami Bunuh Istri di Garum Blitar : Dia Selingkuh Tapi Tak Mau Mengaku Pada Saya
2023-11-08 13:36:43,https://banjarmasin.tribunnews.com/2023/11/08/keadaan-asli-keuangan-rizky-billar-terekam-kala-bareng-lesti-kejora-belanja-bulanan,tribunnews.com,"BANJARMASINPOST.CO.ID - Pasangan penyanyi dangdut Lesti Kejora dan aktor Rizky Billar jadi sorotan.
Baru-baru ini, ayah Baby L pamer manjakan istri belanja bulanan sampai habis puluhan juta.
Baca juga: Boy William Kembali Bahas Hubungan dengan Ay",Keadaan Asli Keuangan Rizky Billar Terekam Kala Bareng Lesti Kejora Belanja Bulanan
2023-11-08 13:33:00,https://jateng.jpnn.com/jateng-terkini/9634/seusai-perayaan-1-abad-persis-solo-ratusan-sepeda-motor-ditilang-polisi,jpnn.com,"jateng.jpnn.com, SOLO - Ratusan sepeda motor berknalpot brong diamankan Polresta Surakarta saat perayaan 1 abad Persis Solo di Jalan Slamet Riyadi Surakarta, Rabu (08/11) dini hari.
Total ada 349 sepeda motor yang diamankan.
Kapolresta Surakarta ","Seusai Perayaan 1 Abad Persis Solo, Ratusan Sepeda Motor Ditilang Polisi"
2023-11-08 13:32:36,https://radarjogja.jawapos.com/gunungkidul/653260215/keluarga-korban-meninggal-akibat-peluru-bripka-mk-terima-uang-restitusi-rp-1576-juta,jawapos.com,"RADAR JOGJA - Keluarga mendiang Aldi Apriyanto, korban meninggal akibat kelalaian polisi menggunakan senjata api, menerima uang restitusi sebesar Rp 157.636.500.
Penyerahan uang restitusi atau ganti rugi yang dibebankan kepada Bripka MK.
Penyerah","Keluarga Korban Meninggal Akibat Peluru Bripka MK Terima Uang Restitusi Rp 157,6 Juta"
2023-11-08 13:32:12,https://jatim.tribunnews.com/2023/11/08/geger-wanita-pasuruan-ditemukan-tewas-di-kamar-mandi-suami-temukan-pertama-kali-ada-luka-di-pundak,tribunnews.com,"Laporan Wartawan Tribun Jatim Network, Galih LintartikaTRIBUNJATIM.COM, PASURUAN - Warga Dusun Randupitu, Desa Randupitu, Kecamatan Gempol, Kabupaten Pasuruan mendadak geger, Selasa (9/11/2023) malam.
Itu setelah salah satu warganya yakni Endang,","Geger Wanita Pasuruan Ditemukan Tewas di Kamar Mandi, Suami Temukan Pertama Kali, Ada Luka di Pundak"
2023-11-08 13:30:20,https://belitung.tribunnews.com/2023/11/08/breakingnews-kawanan-perampok-toko-emas-di-pali-ditangkap-di-solok-dan-bengkulu,tribunnews.com,"Aksi perampok bersenjata api di toko emas Pasar Inpres PALI terekam kamera CCTV.
POSBELITUNG.CO, PALEMBANG - Pelaku perampokan di Toko emas Pasar Inpres Pendopo, Kecamatan Talang Ubi, Kabupaten PALI, berhasil dibekuk oleh personel Unit IV Subdit ",BREAKINGNEWS: Kawanan Perampok Toko Emas Rp 2 M di PALI Ditangkap di Solok dan Bengkulu
2023-11-08 13:30:00,https://radarsitubondo.jawapos.com/blambangan-raya/2003259994/tanpa-ada-sebab-siswa-smp-dihajar-dua-pemuda-misterius-di-dekat-makam-pahlawan-banyuwangi,jawapos.com,"BANYUWANGI, RadarSitubondo.id – Seorang siswa SMP di Banyuwangi kembali menjadi korban penganiayaan.
Petaka tersebut terjadi pada Sabtu (4/11) pukul 22.00 di depan Taman Makam Pahlawan (TMP) Banyuwangi.
Siswa yang masih duduk di bangku kelas III ","Tanpa Ada Sebab, Siswa SMP Dihajar Dua Pemuda Misterius di Dekat Makam Pahlawan Banyuwangi"
2023-11-08 13:30:00,https://jatim.viva.co.id/kabar/8499-gas-helium-dipesan-sendiri-oleh-mahasiswi-unair-surabaya-sebelum-tewas,viva.co.id,"Surabaya, VIVA Jatim –Tabir yang menyelimuti kasus kematian CA atau BCA (21), seorang mahasiswi dari Universitas Airlangga (Unair) Surabaya, mulai terungkap.
Polisi menemukan petunjuk asal muasal tabung berisi gas helium beserta selang plastik ya",Gas Helium Dipesan Sendiri Oleh Mahasiswi Unair Surabaya Sebelum Tewas
2023-11-08 13:28:25,https://mediaindonesia.com/internasional/627990/lebih-dari-412-muslim-di-jerman-alami-rasisme-dan-diskriminasi,mediaindonesia.com,"LEBIH dari 41,2% laki-laki muslim mengalami rasisme dalam kehidupan sehari-hari di Jerman.
Lebih dari sepertiga laki-laki muslim atau sebesar 39%, melaporkan pengalaman diskriminasi dan rasisme yang lebih sering terjadi di kepolisian.
Pada Senin ","Meningkat Pascakonflik di Gaza, Lebih dari 41,2% Muslim di Jerman Alami Rasisme Setiap Hari"
2023-11-08 13:27:34,https://jatim.antaranews.com/berita/745155/polisi-kakek-bunuh-istri-di-garum-blitar-diduga-karena-cemburu,antaranews.com,"Polisi: Kakek bunuh istri di Garum Blitar diduga karena cemburuBlitar (ANTARA) - Aparat Kepolisian Resor Blitar, Jawa Timur menangkap seorang kakek pelaku pembunuhan kepada istrinya di Kecamatan Garum, Kabupaten Blitar, diduga karena cemburu.
""Sa",Polisi: Kakek bunuh istri di Garum Blitar diduga karena cemburu
2023-11-08 13:26:45,https://www.beritasatu.com/megapolitan/2779900/korban-dugaan-pelecehan-seksual-miss-universe-2023-bakal-diperiksa-besok,beritasatu.com,"Jakarta, Beritasatu.com - Polda Metro Jaya bakal kembali memeriksa korban dugaan pelecehan seksual Miss Universe 2023.
BACA JUGA Korban Pelecehan Miss Universe Indonesia 2023 Minta Polisi Tetapkan Tersangka BaruADVERTISEMENTLebih lanjut, Mellisa ",Korban Dugaan Pelecehan Seksual Miss Universe 2023 Bakal Diperiksa Besok
2023-11-08 13:26:00,https://malang.viva.co.id/hukum/3956-kesaksian-tetangga-endang-di-pasuruan-suasana-sepi-tidak-ada-jeritan-korban-saat-pembunuhan,viva.co.id,"Pasuruan, VIVA – Tetangga Endang warga Desa Randupitu, Kecamatan Gempol, Kabupaten Pasuruan yang tewas dibunuh dengan cara mengenaskan mengaku tidak mendengar suara gaduh ataupun jeritan korban.
Baca Juga : Kasus Istri di Pasuruan Tewas Mengenask","Kesaksian Tetangga Endang di Pasuruan, 'Suasana Sepi Tidak ada Jeritan Korban saat Pembunuhan'"
2023-11-08 13:25:52,https://jateng.tribunnews.com/2023/11/08/pelaku-pencabulan-2-anak-kandung-ditangkap-polisi-saat-tidur-kaget-dinyanyikan-selamat-ulang-tahun,tribunnews.com,"Pelaku Pencabulan 2 Anak Kandung Ditangkap Polisi Saat Tidur, Kaget Dinyanyikan Selamat Ulang TahunTRIBUNJATENG.COM - Pelaku pencabulan terhadap 2 anak kandungnya di Kawasan Banuaran, Kecamatan Lubuk Begalung, Padang berhasil diamankan.
Bahkan pe","Pelaku Pencabulan 2 Anak Kandung Ditangkap Polisi Saat Tidur, Kaget Dinyanyikan Selamat Ulang Tahun"
2023-11-08 13:25:42,https://news.okezone.com/read/2023/11/08/610/2916576/rampok-toko-emas-di-pasar-inpres-pali-ini-tampang-5-pelaku,okezone.com,"PALEMBANG - Polisi telah menangkap seluruh pelaku perampokan toko emas di Pasar Inpres Pendopo Kelurahan Talang Ubi, Kabupaten Penukal Abab Lematang Ilir (PALI), Sumatera Selatan (Sumsel), yang berjumlah lima orang.
Direktur Ditreskrimum Polda Su","Rampok Toko Emas di Pasar Inpres Pali, Ini Tampang 5 Pelaku : Okezone News"
2023-11-08 13:24:12,https://newsmaker.tribunnews.com/2023/11/08/gertakan-otk-bikin-ibu-di-demak-histeris-sebelum-tewas-dibacok-kapak-warga-kaget-bersimbah-darah,tribunnews.com,"TRIBUNNEWSMAKER.COM - Sebelum tewas bersimbah darah, seorang ibu bernama Nur Khayatul Khasanah (38) mendadak histeris ketika mendapatkan gertakan dari Orang Tak diKenal (OTK) di dalam rumahnya di Demak, Jawa TengahWarga setempat sempat kaget mend","GERTAKAN OTK Bikin Ibu di Demak Histeris sebelum Tewas Dibacok Kapak, Warga Kaget: Bersimbah Darah"
2023-11-08 13:23:18,https://www.antaranews.com/berita/3812832/polres-blitar-kakek-bunuh-istri-diduga-karena-cemburu?utm_source=antaranews&utm_medium=desktop&utm_campaign=terkini,antaranews.com,"Blitar (ANTARA) - Aparat Kepolisian Resor Blitar, Jawa Timur menangkap seorang kakek pelaku pembunuhan kepada istrinya di Kecamatan Garum, Kabupaten Blitar, diduga karena cemburu.Kepala Kepolisian Resor Blitar AKBP Anhar Arlia Rangkuti mengemukak",Polres Blitar: Kakek bunuh istri diduga karena cemburu
2023-11-08 13:22:57,https://batamclick.com/08/11/2023/danrem-033-wira-pratama-brigjen-jimmy-watuseke-pimpin-apel-pasukan-pengamanan-pemilu-2024/,batamclick.com,"Batamclick.com, Batam – Danrem 033/Wira Pratama (WP), Brigjen TNI Jimmy Watuseke memimpin apel gelar pasukan dalam rangka kesiapan pengamanan Pemilu 2024.
Pelaksanaan digelar di Dataran Engku Putri Batam Center, Batam, Kepulauan Riau (Kepri), Rab",Danrem 033 Wira Pratama Brigjen Jimmy Watuseke Pimpin Apel Pasukan Pengamanan Pemilu 2024
2023-11-08 13:22:24,https://jateng.tribunnews.com/2023/11/08/pabrik-pengolahan-kayu-di-purbalingga-terbakar-8-mobil-damkar-dikerahkan,tribunnews.com,"Pabrik Pengolahan kayu di Desa Toyareja, Kecamatan Purbalingga, Kabupaten Purbalingga terbakar.
TRIBUNJATENG.COM, PURBALINGGA - Pabrik Pengolahan kayu di Desa Toyareja, Kecamatan Purbalingga, Kabupaten Purbalingga terbakar.
Saat dilakukan pengece","Pabrik Pengolahan Kayu di Purbalingga Terbakar, 8 Mobil Damkar Dikerahkan"
2023-11-08 13:22:06,https://sulbar.tribunnews.com/2023/11/08/bawaslu-mamuju-tengah-gandeng-polisi-dan-satpol-pp-tertibkan-baliho-caleg,tribunnews.com,"Bawaslu dan Satpol PP tertibkan baliho di simpang tiga Polohu Kecamatan Budong-Budong, Mamuju Tengah, Rabu (8/11/2023).
TRIBUN-SULBAR.COM, POLMAN - Badan Pengawas Pemilu (Bawaslu) Mamuju Tengah, Sulawesi Barat (Sulbar) hari ini mulai menertibkan ",Bawaslu Mamuju Tengah Gandeng Polisi dan Satpol PP Tertibkan Baliho Caleg
2023-11-08 13:22:01,https://www.suara.com/lifestyle/2023/11/08/130237/profil-buya-arrazy-hasyim-dakwahnya-soal-palestina-kena-semprot-aktivis-gaza,suara.com,"Profil Buya Arrazy Hasyim, Dakwahnya Soal Palestina Kena Semprot Aktivis Gaza ""Mohon maaf, Ilmu nya tentang isu Palestina baru 1 % itupun banyak yang keliru,"" semprot seorang aktivis Gaza ke sosok Arrazy Hasyim.
Suara.com - Ustaz Arrazy Hasyim ki","Profil Buya Arrazy Hasyim, Dakwahnya Soal Palestina Kena Semprot Aktivis Gaza"
2023-11-08 13:21:59,https://sulsel.suara.com/read/2023/11/08/130329/guru-sdn-13-paguat-kabupaten-pohuwato-dianiaya-orang-tua-siswa,suara.com,"SuaraSulsel.id - Seorang guru SDN 13 Paguat, Kabupaten Pohuwato, Provinsi Gorontalo, bernama Nidya Mbuinga alis Rena menjadi sasaran penganiayaan oleh orang tua siswa berinisial SM (31) saat jam belajar, Selasa (7/11/2023) sekitar pukul 10.00 Wit",Guru SDN 13 Paguat Kabupaten Pohuwato Dianiaya Orang Tua Siswa
2023-11-08 13:21:55,https://jatim.suara.com/read/2023/11/08/131500/bukannya-kerja-pria-asal-surabaya-ini-malah-menjambret-di-sidoarjo,suara.com,"SuaraJatim.id - Bukannya mencari kerja, dua warga Surabaya berinisial Z berusia 33 tahun dan A umur 24 tahun justru menjambret di Sidoarjo.
Kusumo Wahyu Bintoro mengatakan, aksi kedua pelaku dilakukan di Jalan Raya Kemangsen, Balongbendo, Sidoarj","Bukannya Kerja, Pria Asal Surabaya Ini Malah Menjambret di Sidoarjo"
2023-11-08 13:21:54,https://www.suara.com/entertainment/2023/11/08/131834/dibintangi-kim-dong-wook-dan-park-se-wan-intip-sinopsis-drakor-baru-not-very-strong-but-charming-violent-crimes-unit,suara.com,"Dibintangi Kim Dong Wook dan Park Se Wan, Intip Sinopsis Drakor Baru Not Very Strong But Charming Violent Crimes Unit Drama Korea Baru Not Very Strong But Charming Violent Crimes Unit bakal tayang di tahun depan.
Suara.com - Artis Korea, Kim Dong","Dibintangi Kim Dong Wook dan Park Se Wan, Intip Sinopsis Drakor Baru Not Very Strong But Charming Violent Crimes Unit"
2023-11-08 13:20:02,https://www.viva.co.id/berita/nasional/1655377-demo-boikot-produk-pro-israel-di-mcd-mataram-tuntut-evaluasi-gerai-yang-pro-zionis,viva.co.id,"Mataram – Ratusan massa menggelar Aksi Bela Palestina di depan Gerai McD di Jalan Sriwijaya Kota Mataram, Lombok, Rabu 8 November 2023.
Massa menyerukan boikot produk-produk yang disebut berafiliasi dengan Zionis Israel.
Baca Juga : Kepung Gaza, ",Demo Boikot Produk Pro Israel di MCD Mataram Tuntut Evaluasi Gerai yang Pro Zionis
2023-11-08 13:16:01,https://belitung.tribunnews.com/2023/11/08/tim-panah-satreskrim-polres-beltim-bekuk-pelaku-perusakan-atm-di-kelapa-kampit-kurang-dari-24-jam,tribunnews.com,"Sepasang terduga pelaku perusakan ATM di Desa Senyubuk, Kecamatan Kelapa Kampit, Kabupaten Belitung Timur, diamankan Tim Panah Satreskrim Polres Beltim.
POSBELITUNG.CO, BELITUNG - Dalam waktu kurang dari 24 jam, Tim Panah Satrekrim Polres Belitun",Tim Panah Satreskrim Polres Beltim Bekuk Pelaku Perusakan ATM di Kelapa Kampit Kurang dari 24 Jam
2023-11-08 13:13:43,https://bangka.tribunnews.com/2023/11/08/satreskrim-polres-beltim-bekuk-sepasang-kekasih-diduga-pelaku-perusakan-atm-di-kelapa-kampit,tribunnews.com,"BANGKAPOS.COM, BELITUNG - Tim Panah Satrekrim Polres Beltim berhasil menangkap pelaku perusakan ATM yang terjadi kemarin Selasa (7/11/2023) di Desa Senyubuk, Kelapa Kampit, Belitung Timur kurang dari 24 jam.
Dikutip dari instagram Tim Panah Polre",Satreskrim Polres Beltim Bekuk Sepasang Kekasih Diduga Pelaku Perusakan ATM di Kelapa Kampit
2023-11-08 13:13:24,https://aceh.tribunnews.com/2023/11/08/tiga-warga-aceh-timur-ditangkap-di-bandara-kualanamu-berencana-bawa-3-kg-sabu-ke-jakarta,tribunnews.com,"Tiga pemuda asal Aceh Timur ditangkap Polisi karena membawa 3 kilogram sabu-sabu yang akan dikirim ke Jakarta melalui Bandara Internasional Kualanamu, Senin (6/11/2023).
SERAMBINEWS.COM - Tiga warga Aceh kedapatan membawa narkoba di Bandara Kuala","Tiga Warga Aceh Timur Ditangkap di Bandara Kualanamu, Berencana Bawa 3 Kg Sabu ke Jakarta"
2023-11-08 13:13:23,https://aceh.tribunnews.com/2023/11/08/curi-uang-toke-kelontong-rp-10-juta-warga-abdya-diringkus-polisidi-lambaro,tribunnews.com,"IA (56), warga asal Abdya tak berkutik ketika ditangkap polisi atas dugaan tindak pidana pencurian yang dilakukannya pada Bulan September 2023 lalu.
Tersangka IA mencuri tas berisi uang senilai Rp10 juta milik Cut Khatijah (31), warga Kecamatan D","Curi Uang Toke Kelontong Rp 10 Juta ,Warga Abdya Diringkus Polisi di Lambaro"
2023-11-08 13:11:00,https://www.kapanlagi.com/korea/6-rekomendasi-drama-korea-sung-hoon-yang-sayang-jika-dilewatkan-kebanyakan-genre-romance-de46f5.html,kapanlagi.com,"Ada banyak drama Sung Hoon yang menarik untuk ditonton.
Penasaran, apa saja drama Sung Hoon yang wajib masuk ke watchlist tontonan drakor?
Karenanya, rekomendasi drama Sung Hoon yang satu ini jelas tak boleh dilewatkan.
Karenanya, rekomendasi dra","6 Rekomendasi Drama Korea Sung Hoon yang Sayang Jika Dilewatkan, Kebanyakan Genre Romance"
2023-11-08 13:09:01,https://siap.viva.co.id/news/1701-ini-jimat-maling-yang-berulah-di-perumah-anyelir-depok,viva.co.id,"Siap – Berbekal jimat dari seorang guru yang bertempat di salah satu daerah di Jawa Barat, S dan RH kerap kali berulah.
Bahkan secara beruntun membobol rumah di kawasan Anyelir dengan cepat.
Anehnya lagi, saban beraksi RH dan S melulu lolos dari ",Ini Jimat Maling yang Berulah di Perumahan Anyelir Depok
2023-11-08 13:07:55,https://www.kompas.tv/regional/459024/bidpropam-periksa-13-oknum-polisi-yang-diduga-peras-kadis-pmdt,kompas.tv,"Baca Juga: Korsleting Listrik, Bangunan Pasar Tengah Ludes TerbakarMereka mengaku diperas uang puluhan juta rupiah oleh oknum anggota polisi yang merupakan mantan kasat reskrim polres Lampung Utara berinisial RO dan beberapa orang oknum penyidik ",Bidpropam Periksa 13 Oknum Polisi yang Diduga Peras Kadis PMDT
2023-11-08 13:07:18,https://kaltim.tribunnews.com/2023/11/08/berniat-jual-motor-curian-di-facebook-aksi-pria-di-balikpapan-terlacak-polisi,tribunnews.com,"TRIBUNKALTIM.CO, BALIKPAPAN - Seorang pemuda berinisial IF (25) ditangkap polisi atas dugaan pencurian sepeda motor Honda Scoopy di Kelurahan Karang Joang, Balikpapan Utara.
Baca juga: Polres Paser Bekuk Pelaku Pencurian Sepeda Motor di Masjid Ag","Berniat Jual Motor Curian di Facebook, Aksi Pria di Balikpapan Terlacak Polisi"
2023-11-08 13:06:47,https://metro.tempo.co/read/1794141/ayah-wayan-mirna-salihin-dilaporkan-ke-polda-metro-jaya-dituntut-bayar-tunggakan-pesangon-phk-karyawan-rp-35-miliar,tempo.co,"IklanTEMPO.CO, Jakarta - Eks karyawan PT Fajar Indah Cakra Cemerlang bernama Wartono (57 tahun) melaporkan Edi Darmawan Salihin, ayah dari Wayan Mirna Salihin, yang merupakan direktur utama perusahaan itu.
Pengacara pelapor, Manganju Hamonangan S","Ayah Wayan Mirna Salihin Dilaporkan ke Polda Metro Jaya, Dituntut Bayar Tunggakan Pesangon PHK Karyawan Rp 3,5 Miliar"
2023-11-08 13:06:17,https://www.metrotvnews.com/read/KYVCDW0X-khawatir-kabur-ke-singapura-atau-malaysia-maki-desak-polisi-cekal-firli-bahuri,metrotvnews.com,"Jakarta: Polda Metro Jaya didesak mencegah atau cekal Ketua Komisi Pemberantasan Korupsi (KPK) Firli Bahuri ke luar negeri.
Namun, dia menyerahkan sepenuhnya ke penyidik Subdit Tindak Pidana Korupsi (Tipikor) Ditreskrimsus Polda Metro Jaya.
Boyam","Khawatir Kabur ke Singapura atau Malaysia, Maki Desak Polisi Cekal Firli Bahuri"
2023-11-08 13:05:23,https://manado.tribunnews.com/2023/11/08/oknum-polisi-di-kotamobagu-diduga-peras-pengendara-minta-uang-rp-5-juta-catut-nama-wakapolres,tribunnews.com,"Oknum Polisi di Kotamobagu Sulawesi Utara diduga lakukan pemerasan kepada pengendara.
Oknum polisi yang kemudian diketahui adalah Kanit Turjawali Satlantas Polres Kotamobagu Ipda Ronald Palembatas diduga meminta uang Rp 5 juta kepada pengendara.
","Oknum Polisi di Kotamobagu Diduga Peras Pengendara, Minta Uang Rp 5 Juta, Catut Nama Wakapolres"
2023-11-08 13:04:52,https://surabaya.tribunnews.com/2023/11/08/motif-kasus-pembunuhan-di-garum-blitar-suami-cemburu-diduga-istri-selingkuh,tribunnews.com,"Pelaku pembunuhan terhadap istrinya sendiri saat berada di Polres Blitar, Rabu (8/11/2023).
SURYA.CO.ID, BLITAR - Peristiwa suami tega membunuh istrinya yang jasadnya dibuang di sungai Dusun Talok, Desa Pojok, Kecamatan Garum, Kabupaten Blitar be","Motif Kasus Pembunuhan di Garum Blitar, Suami Cemburu Diduga Istri Selingkuh"
2023-11-08 13:02:56,https://www.bantennews.co.id/cabuli-bocah-pria-paruh-baya-di-cilegon-diringkus-polisi/#respond,bantennews.co.id,"CILEGON – Unit Unit Pelayanan Perempuan dan Anak (PPA) Satreskrim Polres Cilegon menangkap FN (54) pelaku pencabulan terhadap anak dibawah umur berusia 12 tahun.
Aksi bejat pelaku terjadi pada 31 Oktober 2023 di Desa Sukmajaya, Kecamatan Jombang,","Cabuli Bocah, Pria Paruh Baya di Cilegon Diringkus Polisi"
2023-11-08 13:02:13,https://lampung.tribunnews.com/2023/11/08/22-reka-adegan-rekonstruksi-pelajar-smk-tewas-tawuran-di-bandar-lampung,tribunnews.com,"Tribunlampung.co.id, Bandar Lampung - Terdapat 22 reka adegan diperagakan oleh Polresta Bandar Lampung dalam rekonstruksi penganiayaan berujung korban jiwa saat tawuran pelajar SMK di Bandar Lampung, Lampung, Rabu (8/11/2023).
Dalam rekonstruksi ",22 Reka Adegan Rekonstruksi Pelajar SMK Tewas Tawuran di Bandar Lampung
2023-11-08 13:02:05,https://riau.suara.com/read/2023/11/08/125807/4-bocah-pekanbaru-disodomi-di-pos-ronda-hingga-rumah-tahfiz-para-pelaku-ditangkap,suara.com,"SuaraRiau.id - Polda Riau mengungkap kasus pencabulan sodomi terhadap empat bocah di Pekanbaru.
Dirkrimum Polda Riau, Kombes Asep Darmawan menjelaskan bahwa ada empat pelaku.
Kombes Asep menyatakan bahwa perbuatan tak senonoh itu dilakukan di beb","4 Bocah Pekanbaru Disodomi di Pos Ronda hingga Rumah Tahfiz, Para Pelaku Ditangkap"
2023-11-08 13:01:50,https://tribunnews.com/regional/2023/11/08/siswa-sd-di-gunungkidul-jadi-korban-perundungan-korban-dipukul-saat-di-sekolah,tribunnews.com,"Seorang siswa di Gunungkidul jadi korban perundungan.
TRRIBUNNEWS.COM - Seorang bocah SD di Kabupaten, Gunungkidul diduga jadi korban perundungan saat di sekolah.
Kasat Reskrim Polres Gunungkidul , AKP Andika Arya Pratama mengatakan, pihaknya ter","Siswa SD di Gunungkidul jadi Korban Perundungan, Korban Dipukul saat di Sekolah"
2023-11-08 13:01:26,https://www.ajnn.net/news/polisi-tangkap-pencopet-toke-kelontong-uang-rp-10-juta-raib/index.html,ajnn.net,"BANDA ACEH - Satuan Reserse Kriminal Polresta Banda Aceh, menangkap IA (56) diduga mencopet tas berisikan uang Rp 10 juta milik Cut Khatijah, toke kelontong asal Kecamatan Darul Imarah, Aceh Besar pada September 2023.
Pelaku yang kini tercatat se","Polisi Tangkap Pencopet Toke Kelontong, Uang Rp 10 Juta Raib"
2023-11-08 13:00:29,https://www.suaramerdeka.com/nasional/0410790208/pelaku-tindak-asusila-pada-2-anak-kandung-dapat-hadiah-nyanyian-selamat-ulang-tahun-polisi-di-padang,suaramerdeka.com,"PADANG, suaramerdeka.com - Viral aksi penangkapan seorang terduga pelaku tindak asusila pada 2 anak kandung di Padang.
Baca Juga: Sinopsis Ikatan Cinta Rabu 8 November 2023 : Devan Pilih Mundur dari CEO Maharatu dan Kembalikan Hal IniBegitu melih",Pelaku Tindak Asusila pada 2 Anak Kandung Dapat Hadiah Nyanyian Selamat Ulang Tahun Polisi di Padang
2023-11-08 13:00:05,https://www.liputan6.com/surabaya/read/5447372/polisi-buru-sopir-pelaku-tabrak-lari-hingga-korban-tewas-di-alun-alun-kota-sampang,liputan6.com,"Liputan6.com, Sampang - Polisi memburu seorang sopir minibus pelaku tabrak lari di sekitar alun-alun Kota Sampang, Madura, Jawa Timur.
Korban yang menjadi korban tabrak lari tersebut meninggal dunia.
Kepala Satuan Lalu Lintas Polres Sampang Ajun ",Polisi Buru Sopir Pelaku Tabrak Lari hingga Korban Tewas di Alun-alun Kota Sampang
2023-11-08 13:00:00,https://timexkupang.fajar.co.id/2023/11/08/36-kendaraan-tak-laik-operasi-terjaring-tim-gabungan-dishub-dan-polresta/,fajar.co.id,"KUPANG, TIMEX.FAJAR.CO.ID- Dinas Perhubungan (Dishub) Kota Kupang bekerja sama dengan Polres Kupang Kota dan menggelar operasi kendaraan baik roda dua maupun roda empat.
Operasi ini fokus pada surat-surat kendaraan, surat izin mengemudi dan kelay",36 Kendaraan Tak Laik Operasi Terjaring Tim Gabungan Dishub dan Polresta
2023-11-08 13:00:00,https://siap.viva.co.id/news/1700-maling-yang-bobol-banyak-rumah-di-anyelir-depok-ternyata-gunakan-jimat-nih-buktinya,viva.co.id,"Siap – Maling kambuhan yang sempat berulah di Perumahan Anyelir, Depok, Jawa Barat akhirnya berhasil diringkus polisi.
Mereka dibekuk di tempat persembunyiannya di sebuah rumah kontrakan di wilayah Ratu Jaya, Depok, kemarin.
Padahal, wajah salah ","Maling yang Bobol Banyak Rumah di Anyelir Depok Ternyata Gunakan Jimat, Nih Buktinya"
2023-11-08 13:00:00,https://metro.tempo.co/read/1794103/masuki-pemilu-puluhan-pos-satkamling-di-wilayah-ini-akan-dihidupkan-kembali,tempo.co,"IklanTEMPO.CO, Tangerang - Polsek Batuceper secara bertahap akan mengaktifkan kembali 47 pos satuan keamanan lingkungan atau Satkamling di Kecamatan Batu Ceper Kota Tangerang.
Tujuannya, menjaga kondusivitas wilayah dari gangguan keamanan dan ket","Masuki Pemilu, Puluhan Pos Satkamling di Wilayah Ini Akan Dihidupkan Kembali"
2023-11-08 13:00:00,https://tirto.id/sejumlah-negara-bakal-bantu-ri-perang-lawan-israel-hoaksfakta-gRZf,tirto.id,"Rusia mengerahkan 100.000 angkatan udara untuk bantu Indonesia lawan Israel.
China mengerahkan 50.000 angkatan darat untuk bantu Indonesia lawan Israel.
Prancis berjanji akan mengerahkan pasukan untuk bantu Indonesia lawan Israel.
Myanmar akan me","Sejumlah Negara Bakal Bantu RI Perang Lawan Israel, Hoaks/Fakta?"
2023-11-08 12:59:23,https://ambon.tribunnews.com/2023/11/08/warga-di-ohoibun-langgur-tak-kebagian-mitan-pemkab-malra-dan-polisi-diminta-proaktif-cek-lapangan,tribunnews.com,"AMBON, TRIBUNAMBON.COM - Belakangan antrean panjang minyak tanah kerap terjadi di beberapa kawasan di Kabupaten Maluku Tenggara (Malra).
Sementara itu, pemilik pangkalan kawasan Ohoibun, Piter Manggar mengaku kebagian stok 5 drum per minggunya.
P","Warga di Ohoibun-Langgur Tak Kebagian Mitan, Pemkab Malra dan Polisi Diminta Proaktif Cek Lapangan"
2023-11-08 12:59:20,https://palembang.tribunnews.com/2023/11/08/video-ayah-mirna-salihin-dilaporkan-ke-polisi-dugaan-phk-sepihak-dan-tak-bayar-pesangon-rp-35-m,tribunnews.com,"SRIPOKU.COM -- Ketenangan Edi Darmawan Salihin, ayah mendiang Wayan Mirna Salihin, korban kopi sianida, kembali terusik.
Kali ini, namanya mencuat lantaran diduga PHK karyawan PT Fajar Indah Cakra Cemerlang tanpa pesangon pada 2018 lalu.
Sudah 5 ","Video: Ayah Mirna Salihin, Dilaporkan ke Polisi, Dugaan PHK Sepihak dan Tak Bayar Pesangon Rp 3,5 M"
2023-11-08 12:58:41,https://surabaya.tribunnews.com/2023/11/08/pengakuan-terduga-pelaku-perampokan-di-hotel-telaga-ngebel-ponorogo-untuk-bayar-hutang,tribunnews.com,"Terduga pelaku berinisial Y (kiri) yang merampok di hotel Telaga Ngebel Ponorogo (kanan) saat diperiksa di Mapolres PonorogoSURYA.CO.ID, PONOROGO - Terduga pelaku perampokan pada hotel di Telaga Ngebel Ponorogo berinisial Y tidak hanya mengambil ",Pengakuan Terduga Pelaku Perampokan di Hotel Telaga Ngebel Ponorogo : Untuk Bayar Hutang
2023-11-08 12:57:27,https://radartulungagung.jawapos.com/blitar/763260056/suami-di-blitar-habisi-nyawa-sang-istri-usai-salat-subuh-polisi-ungkap-motif-sang-algojo-nekat-berbuat-keji,jawapos.com,"BLITAR-Polres Blitar mengungkap sosok tersangka pembunuhan Sri Juanah, 70, warga Desa Pojok, Kecamatan Garum, Kabupaten Blitar.
Sang pelaku peristiwa pembunuhan yang menggemparkan warga Blitar, ini ternyata merupakan suaminya sendiri bernama SN, ","Suami di Blitar Habisi Nyawa Sang Istri usai Salat Subuh, Polisi Ungkap Motif Sang Algojo Nekat Berbuat Keji"
2023-11-08 12:57:18,https://batam.tribunnews.com/2023/11/08/polisi-buru-sosok-wanita-di-kasus-tahanan-narkoba-di-bintan-tewas-dalam-sel,tribunnews.com,"Jenazah T, tahanan Polres Bintan yang tewas dalam sel tahanan saat dibawa ke Kendari melalui Bandara Internasional Hang Nadim Batam, Provinsi Kepri, Selasa (7/11/2023).
Polisi kini buru sosok wanita yang antarkan sabu ke T di sebuah hotel di Tanj",Polisi Buru Sosok Wanita di Kasus Tahanan Narkoba di Bintan Tewas Dalam Sel
2023-11-08 12:56:17,https://www.pikiran-rakyat.com/bandung-raya/pr-017336343/11-anggota-brigez-keroyok-warga-bandung-di-spbu-karena-tak-terima-ditegur-di-jalan,pikiran-rakyat.com,"PIKIRAN RAKYAT - Sebelas orang anggota geng motor Brigez yang melakukan pengeroyokan di SPBU Jalan A.H. Nasution, Kota Bandung, Sabtu, 4 November 2023, berhasil diamankan oleh polisi.
Dari 11 pelaku yang diamankan, 2 di antaranya jadi tersangka y",11 Anggota Brigez Keroyok Warga Bandung di SPBU karena Tak Terima Ditegur di Jalan
2023-11-08 12:55:55,https://surabaya.kompas.com/read/2023/11/08/125555678/kakek-73-tahun-di-blitar-bunuh-istri-berusia-64-tahun-karena-cemburu,kompas.com,"BLITAR, KOMPAS.com – STS, warga Kabupaten Blitar, Jawa Timur, berusia 73 tahun menganiaya istrinya sendiri, SJ (64) hingga tewas karena dipicu cemburu.
Menurut polisi, STS membunuh SJ pada Senin (6/11/2023) subuh di rumah mereka, Dusun Talok, Des",Kakek 73 Tahun di Blitar Bunuh Istri Berusia 64 Tahun karena Cemburu
2023-11-08 12:55:23,http://kompas.id/baca/nusantara/2023/11/08/aksi-geng-motor-serang-warga-di-bandung-dua-orang-jadi-tersangka?open_from=Section_Nusantara,kompas.id,"Serang Warga di Bandung, Dua Anggota Geng Motor Jadi Tersangka”Keduanya terlibat pemukulan warga bernama Taufik Aprilian,” ujar Kepala Polrestabes Bandung Komisaris Besar Budi Sartono saat ditemui di Kota Bandung, Rabu (8/11/2023).
Kepala Polrest","Serang Warga di Bandung, Dua Anggota Geng Motor Jadi Tersangka"
2023-11-08 12:55:18,https://bangka.tribunnews.com/2023/11/08/reaksi-mimin-istri-muda-yosef-saat-diperlihatkan-oleh-polisi-foto-tuti-dan-amalia-duh-sedih-ngeri,tribunnews.com,"Begini Pengakuan Mimin Istri Muda Yosef Usai Jadi Tersangka, Ungkap Kegiatannya di Malam PembunuhanBANGKAPOS.COM -- Mimin istri Yosef masih ngotot tak terlibat dalam kasus Subang.
Meski statusnya sudah menjadi tersangka, namun Mimin bersikukuh ta","Reaksi Mimin Istri Muda Yosef saat Diperlihatkan oleh Polisi Foto Tuti dan Amalia: Duh, Sedih, Ngeri"
2023-11-08 12:54:43,https://jabar.tribunnews.com/2023/11/08/pengendara-fortuner-tenteng-pedang-sambil-ngamuk-di-jalan-raya-garut-bandung-sudah-dicokok-polisi,tribunnews.com,"Pengendara Fortuner mengamuk sambil menenteng pedang di Jalan Raya Garut-Bandung Kampung Warungcina, Desa Linggar Kecamatan Rancaekek, Kabupaten Bandung, Jawa Barat, Minggu (5/11/2023).
TRIBUNJABAR.ID, BANDUNG - Pengendara Toyota Fortuner yang me",Pengendara Fortuner Tenteng Pedang Sambil Ngamuk di Jalan Raya Garut-Bandung Sudah Dicokok Polisi
2023-11-08 12:54:27,https://www.metrotvnews.com/read/NQACqp05-mahasiswi-unair-tewas-dalam-mobil-terlacak-beli-gas-helium-secara-online,metrotvnews.com,"Hal ini diketahui setelah penyidik Reskrim Polresta Sidoarjo menemukan bukti bahwa korban membeli gas helium dan selang bening secara online.
Dari bukti data yang didapatkan penyidik Polresta Sidoarjo diketahui, korban memesan gas helium dan sela",Mahasiswi Unair Tewas dalam Mobil Terlacak Beli Gas Helium secara Online
2023-11-08 12:53:48,https://jatim-timur.tribunnews.com/2023/11/08/motif-kasus-pembunuhan-irt-blitar-suami-cemburu-diduga-istri-selingkuh,tribunnews.com,"Pelaku pembunuhan terhadap istrinya sendiri saat berada di Polres Blitar, Rabu (8/11/2023)TRIBUNJATIMTIMUR.COM, BLITAR - Peristiwa suami tega membunuh istri yang jasadnya dibuang di sungai Dusun Talok, Desa Pojok, Kecamatan Garum, Kabupaten Blita","Motif Kasus Pembunuhan IRT Blitar, Suami Cemburu Diduga Istri Selingkuh"
2023-11-08 12:53:27,https://regional.kompas.com/read/2023/11/08/125327578/rekonstruksi-pelajar-tewas-saat-tawuran-korban-dan-pelaku-janjian-duel,kompas.com,"LAMPUNG, KOMPAS.com - Rekonstruksi peristiwa tawuran pelajar di Bandar Lampung menunjukkan fakta baru.
Polisi menyebut, korban bernama Gilang Ihsan Zikri (16) sempat janjian duel hanya menggunakan ikat pinggang dengan kelompok pelaku.
Rekonstruks","Rekonstruksi Pelajar Tewas Saat Tawuran, Korban dan Pelaku Janjian Duel Pakai Gesper"
2023-11-08 12:53:18,https://bengkulu.tribunnews.com/2023/11/08/kronologi-viral-video-tak-senonoh-guru-di-rejang-lebong-pacar-mengaku-polisi-diam-diam-rekam-vcs,tribunnews.com,"Anggota Polsek Kota Padang saat mendatangi rumah oknum guru yang videonya viral di Rejang Lebong.
Laporan Reporter TribunBengkulu.com, M. Rizki WahyudiTRIBUNBENGKULU.COM, REJANG LEBONG - Viralnya video tak senonoh berdurasi 28 detik dengan pemera","Kronologi Viral Video Tak Senonoh Guru di Rejang Lebong, Pacar Mengaku Polisi Diam-diam Rekam VCS"

